cf_id,title,category,affected_system,layer,failure_mode,trigger,observed_symptom,root_cause,detection,impact,mitigation,reference,issue,status,tier,taxonomy,evidence_level
CF-0001,"skip_memory=True: cron succeeds, memory empty, exit code 0",Memory blindness,Hermes Agent,L1,Memory Injection Lost,Cron jobs with skip_memory=True silently discard all memory operations,"skip_memory=True: cron succeeds, memory empty, exit code 0",Cron jobs with skip_memory=True silently discard all memory operations,CADVP CC-1 memory availability check,False belief of successful knowledge transfer; context unawareness,Fixed in PR #45769,arxiv:2606.04896,https://github.com/NousResearch/hermes-agent/issues/38647,Fixed,A,memory,reproduced
CF-0002,memory() tool exposed but unavailable at runtime,Tool surface illusion,Hermes Agent,L1,Tool Surface Illusion (Memory),Tool registry advertises memory tool but skip_memory blocks its execution,memory() tool exposed but unavailable at runtime,Tool registry advertises memory tool but skip_memory blocks its execution,CADVP CC-1 memory availability check,Task proceeds with false success; tool result fabricated,Fixed in PR #45769,arxiv:2606.04896,https://github.com/NousResearch/hermes-agent/issues/43367,Fixed,A,execution,reproduced
CF-0003,skip_memory makes mem0 silently unusable,Memory blindness,Hermes Agent,L1,Memory Provider Silently Disabled,skip_memory flag disables mem0 provider without any runtime warning,skip_memory makes mem0 silently unusable,skip_memory flag disables mem0 provider without any runtime warning,CADVP CC-1 memory availability check,False belief of successful knowledge transfer; context unawareness,Channel verification before trust update,arxiv:2606.04896,https://github.com/NousResearch/hermes-agent/issues/9763,Confirmed,A,memory,reported
CF-0004,skip_memory blocks fact_store from all cron jobs,Tool surface illusion,Hermes Agent,L1,Tool Surface Illusion (fact_store),fact_store tool listed but unreachable because skip_memory gates all memory access,skip_memory blocks fact_store from all cron jobs,fact_store tool listed but unreachable because skip_memory gates all memory access,CADVP CC-1 memory availability check,Task proceeds with false success; tool result fabricated,Channel verification before trust update,arxiv:2606.04896,https://github.com/NousResearch/hermes-agent/issues/34094,Confirmed,A,execution,reported
CF-0005,Memory tool exposed but unavailable at runtime,Tool surface illusion,Hermes Agent,L1,"Tool Surface Illusion (Memory, duplicate)",Same root cause as CF-002: tool surface promise broken by skip_memory,Memory tool exposed but unavailable at runtime,Same root cause as CF-002: tool surface promise broken by skip_memory,CADVP CC-1 memory availability check,Task proceeds with false success; tool result fabricated,Channel verification before trust update,arxiv:2606.04896,https://github.com/NousResearch/hermes-agent/issues/38129,Confirmed,A,execution,reported
CF-0006,"Maintainer aggregation: read by default, write with opt-in",Memory blindness,Hermes Agent,L1,Cron Memory Contract Ambiguity,"Cron memory contract ambiguous: read always, write behind opt-in flag creates silent expectation gap","Maintainer aggregation: read by default, write with opt-in","Cron memory contract ambiguous: read always, write behind opt-in flag creates silent expectation gap",CADVP CC-1 memory availability check,False belief of successful knowledge transfer; context unawareness,Fixed in PR #45769,arxiv:2606.04896,https://github.com/NousResearch/hermes-agent/issues/45768,Fixed,A,memory,reproduced
CF-0007,post_tool_call registered but turn_id never passed → silent no-op,Hook not firing,Hermes Agent,L2,Hook Not Firing (missing param),Hook framework omits turn_id param; plugin registers but never fires,post_tool_call registered but turn_id never passed → silent no-op,Hook framework omits turn_id param; plugin registers but never fires,CADVP CC-3 hook execution counter,Security/quality guard silently disabled; policy gap undetected,Fixed in PR #60622,arxiv:2606.04896,https://github.com/NousResearch/hermes-agent/issues/60578,Fixed,A,communication,reproduced
CF-0008,session_id not propagated to pre_tool_call → silent no-op,Hook not firing,Hermes Agent,L2,Hook Not Firing (session_id missing),pre_tool_call hook registered but session_id never passed to plugin,session_id not propagated to pre_tool_call → silent no-op,pre_tool_call hook registered but session_id never passed to plugin,CADVP CC-3 hook execution counter,Security/quality guard silently disabled; policy gap undetected,Channel verification before trust update,arxiv:2606.04896,https://github.com/NousResearch/hermes-agent/issues/34618,Confirmed,A,communication,reported
CF-0009,HERMES_CRON_SESSION env var leaks to interactive sessions,Env contamination,Hermes Agent,L3,Cron Env Leak to Interactive Session,Environment variable intended for cron scope contaminates regular sessions,HERMES_CRON_SESSION env var leaks to interactive sessions,Environment variable intended for cron scope contaminates regular sessions,CADVP CC-2 config vs runtime diff,False belief of successful operation; operator unaware of failure,Fixed in PR #60611,arxiv:2606.04896,https://github.com/NousResearch/hermes-agent/issues/60350,Fixed,A,configuration,reproduced
CF-0010,FEISHU/WECOM env vars unconditionally override enabled:false,Config override,Hermes Agent,L3,Env Override Bypasses enabled:false,Environment variables bypass config.yaml enabled:false gates,FEISHU/WECOM env vars unconditionally override enabled:false,Environment variables bypass config.yaml enabled:false gates,CADVP CC-2 config vs runtime diff,Silent configuration drift; behavior divergence from declared config,Fixed in PR #60621,arxiv:2606.04896,https://github.com/NousResearch/hermes-agent/issues/47804,Fixed,A,configuration,reproduced
CF-0011,"errcode 846609: send fails, adapter appears connected",Connection illusion,Hermes Agent,L2,Stale Connection (Feishu errcode 846609),Adapter reports connected state after server-side subscription silently drops,"errcode 846609: send fails, adapter appears connected",Adapter reports connected state after server-side subscription silently drops,CADVP CC-5 subscription heartbeat,False operational status; messages silently undelivered,Fixed in PR #60625,arxiv:2606.04896,https://github.com/NousResearch/hermes-agent/issues/47564,Fixed,A,communication,reproduced
CF-0012,"DM keeps watchdog alive, group chat silently dropped",Connection illusion,Hermes Agent,L2,Group Chat Silent Drop (Watchdog),Watchdog heartbeat survives on DM traffic while group subscriptions die silently,"DM keeps watchdog alive, group chat silently dropped",Watchdog heartbeat survives on DM traffic while group subscriptions die silently,CADVP CC-5 subscription heartbeat,False operational status; messages silently undelivered,Fixed in PR #60626,arxiv:2606.04896,https://github.com/NousResearch/hermes-agent/issues/58649,Fixed,A,communication,reproduced
CF-0013,"Subagents inherit skip_memory, silently lack MEMORY.md",Memory blindness,Hermes Agent,L1,Subagent Memory Context Lost,Subagent process inherits parent memory flags but operates without required memory context,"Subagents inherit skip_memory, silently lack MEMORY.md",Subagent process inherits parent memory flags but operates without required memory context,CADVP CC-1 memory availability check,False belief of successful knowledge transfer; context unawareness,Channel verification before trust update,arxiv:2606.04896,https://github.com/NousResearch/hermes-agent/issues/30269,Confirmed,A,memory,reported
CF-0014,Slack adapter silently disabled by top-level config block,Config override,Hermes Agent,L3,Slack Adapter Silently Disabled,Top-level config block gates override adapter-level Slack settings,Slack adapter silently disabled by top-level config block,Top-level config block gates override adapter-level Slack settings,CADVP CC-2 config vs runtime diff,Silent configuration drift; behavior divergence from declared config,Channel verification before trust update,arxiv:2606.04896,https://github.com/NousResearch/hermes-agent/issues/16682,Confirmed,B,configuration,reported
CF-0015,Profile config ignored when TELEGRAM_BOT_TOKEN in env,Config override,Hermes Agent,L3,Profile Config Override by Env Token,Profile-specific Telegram config discarded when env var exists,Profile config ignored when TELEGRAM_BOT_TOKEN in env,Profile-specific Telegram config discarded when env var exists,CADVP CC-2 config vs runtime diff,Silent configuration drift; behavior divergence from declared config,Channel verification before trust update,arxiv:2606.04896,https://github.com/NousResearch/hermes-agent/issues/35555,Confirmed,B,configuration,reported
CF-0016,"HASS_TOKEN env force-enables HomeAssistant, overriding enabled:false",Config override,Hermes Agent,L3,HomeAssistant Forced Enable by Env Token,HASS_TOKEN env var acts as implicit enabled:true switch,"HASS_TOKEN env force-enables HomeAssistant, overriding enabled:false",HASS_TOKEN env var acts as implicit enabled:true switch,CADVP CC-2 config vs runtime diff,Silent configuration drift; behavior divergence from declared config,Channel verification before trust update,arxiv:2606.04896,https://github.com/NousResearch/hermes-agent/issues/25065,Confirmed,B,configuration,reported
CF-0017,"STT config ignored, gateway hardcodes Whisper despite enabled:false",Config override,Hermes Agent,L4,STT Config Ignored (Whisper Hardcoded),Gateway ignores STT config block and forces Whisper default,"STT config ignored, gateway hardcodes Whisper despite enabled:false",Gateway ignores STT config block and forces Whisper default,CADVP CC-2 config vs runtime diff,Silent configuration drift; behavior divergence from declared config,Channel verification before trust update,arxiv:2606.04896,https://github.com/NousResearch/hermes-agent/issues/1100,Confirmed,B,configuration,reported
CF-0018,"title_generation enabled:false ignored, always runs",Config override,Hermes Agent,L4,Auxiliary enabled:false Ignored,Auxiliary feature enabled:false flag has no effect,"title_generation enabled:false ignored, always runs",Auxiliary feature enabled:false flag has no effect,CADVP CC-2 config vs runtime diff,Silent configuration drift; behavior divergence from declared config,Channel verification before trust update,arxiv:2606.04896,https://github.com/NousResearch/hermes-agent/issues/54577,Confirmed,B,configuration,reported
CF-0019,"Background memory review ignores configured provider, writes legacy only",Memory blindness,Hermes Agent,L1,Memory Provider Bypassed in Background Review,Memory review process bypasses user-configured provider,"Background memory review ignores configured provider, writes legacy only",Memory review process bypasses user-configured provider,CADVP CC-1 memory availability check,False belief of successful knowledge transfer; context unawareness,Channel verification before trust update,arxiv:2606.04896,https://github.com/NousResearch/hermes-agent/issues/59244,Confirmed,B,memory,reported
CF-0020,"gateway restart doesn't verify old process termination, silent failure",Process lifecycle,Hermes Agent,L3,Gateway Restart Silent Failure,Gateway restart skips process cleanup verification,"gateway restart doesn't verify old process termination, silent failure",Gateway restart skips process cleanup verification,CADVP CC-8 state file integrity check,False belief of successful operation; operator unaware of failure,Channel verification before trust update,arxiv:2606.04896,https://github.com/NousResearch/hermes-agent/issues/36213,Confirmed,B,execution,reported
CF-0021,OpenViking on_memory_write mirroring silently fails,Hook not firing,Hermes Agent,L1,Plugin Memory Mirroring Silent Fail,Plugin memory write hook fails without error propagation,OpenViking on_memory_write mirroring silently fails,Plugin memory write hook fails without error propagation,CADVP CC-3 hook execution counter,Security/quality guard silently disabled; policy gap undetected,Channel verification before trust update,arxiv:2606.04896,https://github.com/NousResearch/hermes-agent/issues/31000,Confirmed,B,communication,reported
CF-0022,lark-streaming suppresses send_message output (messages dropped),Silent message loss,Hermes Agent,L2,Lark Streaming Message Drop,Streaming transport silently suppresses message output,lark-streaming suppresses send_message output (messages dropped),Streaming transport silently suppresses message output,CADVP CC-4 end-to-end content hash,False belief of successful delivery; data loss without notification,Channel verification before trust update,arxiv:2606.04896,https://github.com/NousResearch/hermes-agent/issues/49334,Confirmed,B,communication,reported
CF-0023,Messages silently dropped under iLink rate limiting,Silent message loss,Hermes Agent,L2,iLink Rate Limit Silent Drop,Rate limiter drops messages without backpressure signal,Messages silently dropped under iLink rate limiting,Rate limiter drops messages without backpressure signal,CADVP CC-4 end-to-end content hash,False belief of successful delivery; data loss without notification,Channel verification before trust update,arxiv:2606.04896,https://github.com/NousResearch/hermes-agent/issues/31131,Confirmed,B,communication,reported
CF-0024,WeChat replies >10 segments silently truncated,Silent message loss,Hermes Agent,L2,WeChat Segment Truncation,Platform message segment limit truncates content without warning,WeChat replies >10 segments silently truncated,Platform message segment limit truncates content without warning,CADVP CC-4 end-to-end content hash,False belief of successful delivery; data loss without notification,Channel verification before trust update,arxiv:2606.04896,https://github.com/NousResearch/hermes-agent/issues/46529,Confirmed,B,communication,reported
CF-0025,Planned-restart fires during cron delivery — message silently dropped,Process lifecycle,Hermes Agent,L5,Scheduler Restart Races Cron Delivery,Scheduler restart races with in-flight cron message delivery,Planned-restart fires during cron delivery — message silently dropped,Scheduler restart races with in-flight cron message delivery,CADVP CC-8 state file integrity check,False belief of successful operation; operator unaware of failure,Channel verification before trust update,arxiv:2606.04896,https://github.com/NousResearch/hermes-agent/issues/58818,Confirmed,B,execution,reported
CF-0026,WhatsApp bridge_port from config.yaml silently ignored,Config override,Hermes Agent,L3,WhatsApp Config Port Ignored,WhatsApp adapter ignores config.yaml port setting,WhatsApp bridge_port from config.yaml silently ignored,WhatsApp adapter ignores config.yaml port setting,CADVP CC-2 config vs runtime diff,Silent configuration drift; behavior divergence from declared config,Channel verification before trust update,arxiv:2606.04896,https://github.com/NousResearch/hermes-agent/issues/5965,Confirmed,B,configuration,reported
CF-0027,"WEBHOOK_* env config silently ignored, reports disabled",Config override,Hermes Agent,L4,Webhook Env Config Ignored,Webhook environment config parsed but not applied,"WEBHOOK_* env config silently ignored, reports disabled",Webhook environment config parsed but not applied,CADVP CC-2 config vs runtime diff,Silent configuration drift; behavior divergence from declared config,Channel verification before trust update,arxiv:2606.04896,https://github.com/NousResearch/hermes-agent/issues/13240,Confirmed,B,configuration,reported
CF-0028,on_session_finalize not fired on idle-timeout expiry,Hook not firing,Hermes Agent,L2,Session Finalize Hook Not Fired,Session lifecycle hook not triggered on timeout-based session end,on_session_finalize not fired on idle-timeout expiry,Session lifecycle hook not triggered on timeout-based session end,CADVP CC-3 hook execution counter,Security/quality guard silently disabled; policy gap undetected,Channel verification before trust update,arxiv:2606.04896,https://github.com/NousResearch/hermes-agent/issues/14981,Confirmed,B,communication,reported
CF-0029,"QQBot WebSocket hangs on stale CLOSE-WAIT, gateway frozen",Connection illusion,Hermes Agent,L2,QQBot CLOSE-WAIT Hang,WebSocket connection stuck in CLOSE-WAIT without detection or recovery,"QQBot WebSocket hangs on stale CLOSE-WAIT, gateway frozen",WebSocket connection stuck in CLOSE-WAIT without detection or recovery,CADVP CC-5 subscription heartbeat,False operational status; messages silently undelivered,Channel verification before trust update,arxiv:2606.04896,https://github.com/NousResearch/hermes-agent/issues/18221,Confirmed,B,communication,reported
CF-0030,Plugin platforms ignore PREFIX_HOME_CHANNEL env var,Config override,Hermes Agent,L4,Plugin Platform Env Ignored,Plugin platform detection bypasses PREFIX_HOME_CHANNEL environment variable,Plugin platforms ignore PREFIX_HOME_CHANNEL env var,Plugin platform detection bypasses PREFIX_HOME_CHANNEL environment variable,CADVP CC-2 config vs runtime diff,Silent configuration drift; behavior divergence from declared config,Channel verification before trust update,arxiv:2606.04896,https://github.com/NousResearch/hermes-agent/issues/19440,Confirmed,B,configuration,reported
CF-0031,Weixin rate limit causes message loss — no backoff + reconnect,Silent message loss,Hermes Agent,L2,Weixin Rate Limit Message Loss,Rate limit response triggers message loss without retry/backoff,Weixin rate limit causes message loss — no backoff + reconnect,Rate limit response triggers message loss without retry/backoff,CADVP CC-4 end-to-end content hash,False belief of successful delivery; data loss without notification,Channel verification before trust update,arxiv:2606.04896,https://github.com/NousResearch/hermes-agent/issues/21126,Confirmed,B,communication,reported
CF-0032,pre_tool_call and on_session_finalize don't fire in kanban-worker,Hook not firing,Hermes Agent,L2,Kanban Worker Hook Not Firing,Hook execution context missing in kanban worker process,pre_tool_call and on_session_finalize don't fire in kanban-worker,Hook execution context missing in kanban worker process,CADVP CC-3 hook execution counter,Security/quality guard silently disabled; policy gap undetected,Channel verification before trust update,arxiv:2606.04896,https://github.com/NousResearch/hermes-agent/issues/25204,Confirmed,B,communication,reported
CF-0033,discord tools silently hidden when DISCORD_BOT_TOKEN only in .env,Tool surface illusion,Hermes Agent,L4,Discord Tools Hidden (token in .env),Tool visibility gated on token source location (.env vs config.yaml),discord tools silently hidden when DISCORD_BOT_TOKEN only in .env,Tool visibility gated on token source location (.env vs config.yaml),CADVP CC-7 tool availability probe,Task proceeds with false success; tool result fabricated,Channel verification before trust update,arxiv:2606.04896,https://github.com/NousResearch/hermes-agent/issues/30565,Confirmed,B,execution,reported
CF-0034,"hermes config set doesn't write to .env, Discord auth silently fails",Config override,Hermes Agent,L3,CLI Config Target Mismatch,"CLI config command writes to wrong target file, auth silently broken","hermes config set doesn't write to .env, Discord auth silently fails","CLI config command writes to wrong target file, auth silently broken",CADVP CC-2 config vs runtime diff,Silent configuration drift; behavior divergence from declared config,Channel verification before trust update,arxiv:2606.04896,https://github.com/NousResearch/hermes-agent/issues/35231,Confirmed,B,configuration,reported
CF-0035,Gateway status doesn't expose platform health — stale adapters appear healthy,Connection illusion,Hermes Agent,L3,Gateway Health Status Illusion,Gateway health endpoint reports adapter status without liveness check,Gateway status doesn't expose platform health — stale adapters appear healthy,Gateway health endpoint reports adapter status without liveness check,CADVP CC-5 subscription heartbeat,False operational status; messages silently undelivered,Channel verification before trust update,arxiv:2606.04896,https://github.com/NousResearch/hermes-agent/issues/40199,Confirmed,B,communication,reported
CF-0036,Slack Socket Mode aiohttp leaks closed sessions — unhealthy reconnect,Connection illusion,Hermes Agent,L2,Slack Session Leak on Reconnect,"Session pool leaks stale connections, reconnect uses dead session",Slack Socket Mode aiohttp leaks closed sessions — unhealthy reconnect,"Session pool leaks stale connections, reconnect uses dead session",CADVP CC-5 subscription heartbeat,False operational status; messages silently undelivered,Channel verification before trust update,arxiv:2606.04896,https://github.com/NousResearch/hermes-agent/issues/46990,Confirmed,B,communication,reported
CF-0037,transform_llm_output hook not firing on non-default profiles,Hook not firing,Hermes Agent,L3,Profile-Scoped Hook Not Firing,"Hook registration scoped to default profile, silently absent on others",transform_llm_output hook not firing on non-default profiles,"Hook registration scoped to default profile, silently absent on others",CADVP CC-3 hook execution counter,Security/quality guard silently disabled; policy gap undetected,Channel verification before trust update,arxiv:2606.04896,https://github.com/NousResearch/hermes-agent/issues/50937,Confirmed,B,communication,reported
CF-0038,Secondary profile token leaks from default (os.getenv bypass),Credential scope bypass,Hermes Agent,L3,Profile Token Leak from Default,Secondary profile inherits default profile token via os.getenv,Secondary profile token leaks from default (os.getenv bypass),Secondary profile inherits default profile token via os.getenv,CADVP CC-6 credential scope boundary check,Cross-tenant data leakage; wrong-scope operations,Channel verification before trust update,arxiv:2606.04896,https://github.com/NousResearch/hermes-agent/issues/51029,Confirmed,B,configuration,reported
CF-0039,Secondary profiles connect with default profile's token,Credential scope bypass,Hermes Agent,L3,Default Token Used Across Profiles,Profile credential isolation broken: default token used for all profiles,Secondary profiles connect with default profile's token,Profile credential isolation broken: default token used for all profiles,CADVP CC-6 credential scope boundary check,Cross-tenant data leakage; wrong-scope operations,Channel verification before trust update,arxiv:2606.04896,https://github.com/NousResearch/hermes-agent/issues/52446,Confirmed,B,configuration,reported
CF-0040,WeCom stale req_id causes 846605 on reconnect — no fallback,Connection illusion,Hermes Agent,L2,WeCom Stale req_id Reconnect Fail,Stale request ID reused on reconnect triggers platform rejection,WeCom stale req_id causes 846605 on reconnect — no fallback,Stale request ID reused on reconnect triggers platform rejection,CADVP CC-5 subscription heartbeat,False operational status; messages silently undelivered,Channel verification before trust update,arxiv:2606.04896,https://github.com/NousResearch/hermes-agent/issues/52820,Confirmed,B,communication,reported
CF-0041,Bot tokens via os.getenv bypass per-profile secret scope,Credential scope bypass,Hermes Agent,L3,Global Token Bypasses Profile Scope,Global os.getenv token access violates per-profile credential isolation,Bot tokens via os.getenv bypass per-profile secret scope,Global os.getenv token access violates per-profile credential isolation,CADVP CC-6 credential scope boundary check,Cross-tenant data leakage; wrong-scope operations,Channel verification before trust update,arxiv:2606.04896,https://github.com/NousResearch/hermes-agent/issues/54675,Confirmed,B,configuration,reported
CF-0042,Groq STT ignores provider-specific model in config.yaml,Config override,Hermes Agent,L4,STT Provider Config Ignored,"STT provider config block ignored, default model always used",Groq STT ignores provider-specific model in config.yaml,"STT provider config block ignored, default model always used",CADVP CC-2 config vs runtime diff,Silent configuration drift; behavior divergence from declared config,Channel verification before trust update,arxiv:2606.04896,https://github.com/NousResearch/hermes-agent/issues/58734,Confirmed,B,configuration,reported
CF-0043,HERMES_IGNORE_RULES env var silently ignored by gateway,Config override,Hermes Agent,L4,Gateway Ignore Rules Env Ignored,Gateway rule engine ignores HERMES_IGNORE_RULES environment variable,HERMES_IGNORE_RULES env var silently ignored by gateway,Gateway rule engine ignores HERMES_IGNORE_RULES environment variable,CADVP CC-2 config vs runtime diff,Silent configuration drift; behavior divergence from declared config,Channel verification before trust update,arxiv:2606.04896,https://github.com/NousResearch/hermes-agent/issues/29911,Confirmed,B,configuration,reported
CF-0044,send_message omits MEDIA attachments for email targets,Silent message loss,Hermes Agent,L2,Email MEDIA Attachment Dropped,Media attachment stripped in email transport path,send_message omits MEDIA attachments for email targets,Media attachment stripped in email transport path,CADVP CC-4 end-to-end content hash,False belief of successful delivery; data loss without notification,Channel verification before trust update,arxiv:2606.04896,https://github.com/NousResearch/hermes-agent/issues/38708,Confirmed,B,communication,reported
CF-0045,_write_status_dot causes silent message loss when agent_status is directory,Silent message loss,Hermes Agent,L5,Status Dot File Conflict (Directory),"Status file write clashes with existing directory path, silently fails",_write_status_dot causes silent message loss when agent_status is directory,"Status file write clashes with existing directory path, silently fails",CADVP CC-4 end-to-end content hash,False belief of successful delivery; data loss without notification,Channel verification before trust update,arxiv:2606.04896,https://github.com/NousResearch/hermes-agent/issues/50106,Confirmed,C,communication,reported
CF-0046,MEMORY.md exceeding limit silently breaks memory tool,Memory blindness,Hermes Agent,L1,MEMORY.md Size Limit Break,File size limit on MEMORY.md causes silent memory tool degradation,MEMORY.md exceeding limit silently breaks memory tool,File size limit on MEMORY.md causes silent memory tool degradation,CADVP CC-1 memory availability check,False belief of successful knowledge transfer; context unawareness,Channel verification before trust update,arxiv:2606.04896,https://github.com/NousResearch/hermes-agent/issues/53039,Confirmed,C,memory,reported
CF-0047,Honcho provider activates even when dependency is missing,Tool surface illusion,Hermes Agent,L1,Honcho Provider Dependency Missing,Memory provider activates without verifying dependent package is installed,Honcho provider activates even when dependency is missing,Memory provider activates without verifying dependent package is installed,CADVP CC-7 tool availability probe,Task proceeds with false success; tool result fabricated,Channel verification before trust update,arxiv:2606.04896,https://github.com/NousResearch/hermes-agent/issues/51099,Confirmed,C,execution,reported
CF-0048,api_server falsely enabled for secondary profiles (os.environ leak),Env contamination,Hermes Agent,L3,API Server Env Leak to Secondary Profile,Environment variable leak enables api_server on unintended profiles,api_server falsely enabled for secondary profiles (os.environ leak),Environment variable leak enables api_server on unintended profiles,CADVP CC-2 config vs runtime diff,False belief of successful operation; operator unaware of failure,Channel verification before trust update,arxiv:2606.04896,https://github.com/NousResearch/hermes-agent/issues/52307,Confirmed,C,configuration,reported
CF-0049,base_url ending in /anthropic causes /v1/v1 double path → silent 404,Config override,Hermes Agent,L4,Base URL Double-Path Concatenation,API base URL path concatenation bug produces malformed requests,base_url ending in /anthropic causes /v1/v1 double path → silent 404,API base URL path concatenation bug produces malformed requests,CADVP CC-2 config vs runtime diff,Silent configuration drift; behavior divergence from declared config,Channel verification before trust update,arxiv:2606.04896,https://github.com/NousResearch/hermes-agent/issues/41211,Confirmed,C,configuration,reported
CF-0050,"config.yaml vs env precedence: context_length override, thinking-block",Config override,Hermes Agent,L3,Config vs Env Precedence Ambiguity,Config source precedence ambiguity causes silent config loss,"config.yaml vs env precedence: context_length override, thinking-block",Config source precedence ambiguity causes silent config loss,CADVP CC-2 config vs runtime diff,Silent configuration drift; behavior divergence from declared config,Channel verification before trust update,arxiv:2606.04896,https://github.com/NousResearch/hermes-agent/issues/11096,Confirmed,C,configuration,reported
CF-0051,TUI eagerly persists empty sessions — ghost sessions clutter /resume,Silent message loss,Hermes Agent,L3,TUI Ghost Session Persistence,"TUI saves empty session state to database, creating phantom entries",TUI eagerly persists empty sessions — ghost sessions clutter /resume,"TUI saves empty session state to database, creating phantom entries",CADVP CC-4 end-to-end content hash,False belief of successful delivery; data loss without notification,Channel verification before trust update,arxiv:2606.04896,https://github.com/NousResearch/hermes-agent/issues/18269,Confirmed,C,communication,reported
CF-0052,Kanban dashboard resurrects archived/deleted boards as empty stubs,Silent message loss,Hermes Agent,L5,Kanban Deleted Board Resurrection,Dashboard query returns deleted board stubs without status filter,Kanban dashboard resurrects archived/deleted boards as empty stubs,Dashboard query returns deleted board stubs without status filter,CADVP CC-4 end-to-end content hash,False belief of successful delivery; data loss without notification,Channel verification before trust update,arxiv:2606.04896,https://github.com/NousResearch/hermes-agent/issues/43243,Confirmed,C,communication,reported
CF-0053,local_read() returns live mutable channel state → silent state corruption,Silent message loss,LangGraph,L3,State Corruption via Mutable Reference,Conditional-edge router reads channel state via local_read() during graph execution,Graph state silently mutates at routing points; downstream sees corrupted state,local_read() returns direct reference to live mutable state instead of isolated copy,CADVP CC-4 content hash across checkpoint boundaries,False belief of deterministic execution; routing based on corrupted state,Return deep copy from local_read() or enforce immutable channel views,arxiv:2606.04896,https://github.com/langchain-ai/langgraph/issues/8314,Confirmed,B,communication,reported
CF-0054,checkpoints never flushed mid-session; data loss on non-graceful exit,Silent message loss,LangGraph,L3,Checkpoint Flush Omission,Long-running langgraph dev server with SIGKILL/non-graceful exit,Thread list survives but all checkpoints gone; GET /threads/{id}/state returns 500,Checkpoints only written on close() clean shutdown; mid-session flushes never occur,CADVP CC-2 config vs runtime diff,False belief of durable state; all progress lost without awareness,Implement periodic mid-session checkpoint flush,arxiv:2606.04896,https://github.com/langchain-ai/langgraph/issues/8298,Confirmed,B,execution,reported
CF-0055,durability='sync': put_writes/put order unenforced → inconsistent crash recovery,Config override,LangGraph,L4,Checkpoint Ordering Violation,Crash recovery with durability='sync',Writes from partial superstep restored against wrong checkpoint → inconsistent state,No guaranteed ordering between put_writes() and checkpoint persistence,CADVP CC-2 config vs runtime diff,False belief of crash-safe durability; state corruption passes integrity checks,Enforce write-before-checkpoint ordering with transaction barrier,arxiv:2606.04896,https://github.com/langchain-ai/langgraph/issues/8234,Confirmed,B,execution,reported
CF-0056,GraphInterrupt not re-raised in awrap_tool_call → signal silently swallowed,Hook not firing,LangGraph,L3,Interrupt Signal Suppression,GraphInterrupt raised during async tool execution,Graph continues past interrupt boundary; operator believes it paused,awrap_tool_call catches but does not re-raise GraphInterrupt,CADVP CC-3 hook execution counter,False belief of interrupt safety; runaway execution after pause point,Re-raise GraphInterrupt in all wrapper exit paths,arxiv:2606.04896,https://github.com/langchain-ai/langgraph/issues/8217,Confirmed,B,communication,reported
CF-0057,Checkpoint serialization downcasts defaultdict/Counter to plain dict → losing default_factory,Tool surface illusion,LangGraph,L3,Type Erasure via Serialization,State with defaultdict/Counter is checkpointed and restored,"After restore, KeyError instead of default; behavioral change","Serializer treats dict subclasses as plain dict, discarding subclass behavior",CADVP CC-4 content hash with type fidelity,False belief of type-safe serialization; silent behavioral change,Preserve dict subclass identity during serialization,arxiv:2606.04896,https://github.com/langchain-ai/langgraph/issues/8184,Confirmed,B,execution,reported
CF-0058,Checkpoint serialization drops deque maxlen → bounded becomes unbounded after round-trip,Tool surface illusion,LangGraph,L3,Constraint Erasure via Serialization,State with bounded deque checkpointed and restored,Deque grows unbounded; memory leak after state restore,Serializer preserves items but not maxlen configuration parameter,CADVP CC-4 content hash + configuration fidelity,Silent unbounded memory growth after state restore,Preserve maxlen/collection constraints during serialization,arxiv:2606.04896,https://github.com/langchain-ai/langgraph/issues/8157,Fixed,B,execution,reported
CF-0059,Deleting thread leaks channel blobs → unbounded memory growth in long-running servers,Process lifecycle,LangGraph,L5,Resource Leak via Deletion,Thread deletion during long-running server,Memory grows monotonically; deleted threads still consume RAM,Thread deletion removes registry entry but not channel blob references,CADVP CC-8 state file integrity + memory profiling,Silent unbounded memory leak; eventual OOM,Release all channel blob references on thread deletion,arxiv:2606.04896,https://github.com/langchain-ai/langgraph/issues/8054,Confirmed,B,execution,reported
CF-0060,put_writes/put persistence order unenforced → post-crash recovery host-dependent,Process lifecycle,LangGraph,L4,Non-Deterministic Crash Recovery,Machine crash during execution with durability='sync',Recovery path varies by host timing; different supersteps replayed per machine,No guaranteed ordering between writes and checkpoint persistence,CADVP CC-8 transaction boundary verification,False belief of deterministic recovery; state diverges across failover,Wrap put_writes + checkpoint into atomic transaction,arxiv:2606.04896,https://github.com/langchain-ai/langgraph/issues/8039,Confirmed,B,execution,reported
CF-0061,get_config() async guard silenced on Python < 3.11 → RuntimeError never raised,Env contamination,LangGraph,L2,Security Guard Suppression by Version,get_config() inside async context on Python < 3.11,Async detection never fires; developers unknowingly use config incorrectly,Python < 3.11 async detection bypasses RuntimeError guard silently,CADVP CC-1 guard execution counter across Python versions,False belief of async safety; incorrect config access proceeds silently,Use version-independent async detection or fail-safe default,arxiv:2606.04896,https://github.com/langchain-ai/langgraph/issues/8203,Confirmed,C,configuration,reported
CF-0062,ToolCallResult auto-coerces structured outputs to str() → losing type info,Tool surface illusion,AutoGen,L3,Type Information Loss via Auto-Coercion,Tool returns dict/Pydantic/dataclass to AutoGen agent,Downstream agents receive string instead of structured data,ToolCallResult silently coerces structured return to str() without preserving type,CADVP CC-7 tool availability probe with type fidelity,False belief of structured inter-agent communication; string parsing instead of typed access,Preserve original return type in ToolCallResult payload,arxiv:2606.04896,https://github.com/microsoft/autogen/issues/7867,Confirmed,B,communication,reported
CF-0063,AI guardrails silently fail: 32 violations over 56 days despite all configured,Hook not firing,AutoGen,L4,Guardrail Silent Non-Enforcement,Agent executes operations that should be blocked by guardrails,Prohibited ops succeed (Terraform deploy to wrong AWS); no alert raised,Guardrail hook registration succeeds but enforcement silently fails,CADVP CC-3 hook execution counter + penetration test,06K business loss; false belief of safety compliance,Active violation detection + guardrail enforcement verification,arxiv:2606.04896,https://github.com/microsoft/autogen/issues/7770,Confirmed,B,communication,reported
CF-0064,Agent self-modification in Canvas memory → behavior escapes original constraints,Credential scope bypass,AutoGen,L4,Self-Modification Boundary Violation,Agent accesses Canvas memory module during execution,Agent silently evolves beyond constraints; escapes safeguards,No isolation boundary between code identity and runtime state; agent can modify own code,CADVP CC-6 credential scope boundary check,False belief of behavioral confinement; uncontrolled behavioral drift,Enforce immutable code boundary with write-protected identity,arxiv:2606.04896,https://github.com/microsoft/autogen/issues/7918,Confirmed,B,configuration,reported
CF-0065,Fabricated-Observation recovery dead code → tool calls silently discarded,Hook not firing,CrewAI,L3,Recovery Path Dead Code,LLM without stop-word support generates past tool call boundary,Agent receives empty observation; no error; continues with fabricated assumptions,process_llm_response() recovery block for no-stop-word models is dead code since #2483,CADVP CC-3 hook execution counter on no-stop-word path,False belief of tool execution; agent acts on fabricated observations,Restore recovery logic or warn when models lack stop-word support,arxiv:2606.04896,https://github.com/crewAIInc/crewAI/issues/6449,Confirmed,B,communication,reported
CF-0066,Async tasks receive empty context due to last_sync_output truncation,Memory blindness,CrewAI,L2,Context Truncation Across Async Boundary,Task with async_execution=True in multi-task crew,Async task receives empty context; prior outputs invisible,"last_sync_output only populated on conditional-resume, not on normal async start",CADVP CC-1 memory availability at async task startup,False belief of cross-task knowledge flow; async tasks blind to prior results,Populate async context from all completed preceding tasks,arxiv:2606.04896,https://github.com/crewAIInc/crewAI/issues/6417,Confirmed,B,memory,reported
CF-0067,ProviderCapabilities static fallbacks skipped when LiteLLM introspection fails,Config override,CrewAI,L2,Capability Detection Fallback Skipped,LiteLLM provider introspection fails,Static fallback never runs; agent operates with wrong capability assumptions,Early-return guard before get_capabilities() skips fallback on introspection failure,CADVP CC-2 config vs runtime capability diff,False belief of accurate provider capabilities; agent behavior diverges,Run static fallback before early-return guard,arxiv:2606.04896,https://github.com/crewAIInc/crewAI/issues/6412,Confirmed,C,configuration,reported
CF-0068,PostgresStore.search() uses unescaped SQL LIKE → returns rows from foreign namespaces,Credential scope bypass,LangGraph,L4,Cross-Namespace Data Leakage,search() with namespace_prefix on PostgresStore,Search results include data from other namespaces; isolation boundary silently violated,namespace_prefix matched with unescaped SQL LIKE; wildcards in prefix match foreign rows,CADVP CC-6 credential scope boundary check on query results,Cross-tenant data leakage; operator believes in namespace isolation,Escape LIKE wildcards or use exact-match for namespace boundaries,,https://github.com/langchain-ai/langgraph/issues/8300,Confirmed,B,configuration,reported
CF-0069,error_handler re-raises handled exception when node runs in parallel → execution state corrupted,Process lifecycle,LangGraph,L3,Exception Re-Raise in Parallel Execution,Handled exception in node running parallel with other tasks,Exception escapes despite being handled; other parallel tasks silently affected,error_handler in parallel execution path re-raises exception that should have been suppressed,CADVP CC-8 execution boundary verification,False belief of exception handling; parallel execution state corrupted without warning,Suppress re-raise when exception is already handled in parallel context,,https://github.com/langchain-ai/langgraph/issues/8277,Confirmed,B,execution,reported
CF-0070,_resolve_schemas processes repeated state schema at FIRST position → silent field constraint loss,Config override,LangChain,L2,Schema Field Erasure via Position,Repeated state schema processed by _resolve_schemas,Explicit state_schema loses field constraints silently; only first-position schema respected,"_resolve_schemas resolves repeated schema at first occurrence, ignoring later explicit constraints",CADVP CC-2 config vs runtime schema diff,False belief of schema enforcement; undefined fields pass validation,Merge repeated schemas or warn on constraint shadowing,,https://github.com/langchain-ai/langchain/issues/38720,Confirmed,B,configuration,reported
CF-0071,Structured output with raw JSON-schema dict never validated → ToolStrategy handle_errors unreachable,Hook not firing,LangChain,L3,Validation Path Dead Code,Raw JSON-schema dict used for structured output,Output never validated; handle_errors retry path unreachable; malformed output passes silently,Raw JSON-schema dict bypasses validation entirely; ToolStrategy handle_errors never triggered,CADVP CC-3 hook execution counter on validation path,False belief of output validation; malformed structured data silently accepted,Route raw JSON-schema through validation path,,https://github.com/langchain-ai/langchain/issues/38719,Confirmed,B,communication,reported
CF-0072,ChatGroq mutates per-generation token_usage in place → silent clobber across generations,Memory blindness,LangChain,L2,Token Usage In-Place Mutation,ChatGroq._combine_llm_outputs processing multiple generations,Token usage counts silently overwritten; per-generation accounting corrupted,In-place mutation of shared token_usage dict across generations; last write wins,CADVP CC-1 memory availability check on generation metadata,False belief of accurate token accounting; usage data silently corrupted,Deep copy token_usage before mutation per generation,,https://github.com/langchain-ai/langchain/issues/38659,Confirmed,B,memory,reported
CF-0073,ChatAnthropic drops thinking field from empty thinking blocks → replay fails with 400,Silent message loss,LangChain,L3,Thinking Field Silent Truncation,ChatAnthropic streaming with signature_delta-only thinking blocks,Empty thinking blocks lose thinking field; replay fails with 400 without indicating truncation,Streaming handler drops thinking field from empty blocks instead of preserving for replay,CADVP CC-4 end-to-end content hash,False belief of replayable conversation; silent truncation causes downstream failure,Preserve thinking field even on empty blocks for replay integrity,,https://github.com/langchain-ai/langchain/issues/38639,Confirmed,B,communication,reported
CF-0074,cache_control on tool_use content block silently dropped when matching tool_calls item exists,Config override,LangChain,L3,Cache Control Silent Drop,cache_control set on tool_use content block with matching tool_calls,"Cache control directive ignored; repeated tool calls avoid cache, increasing latency/cost",Matching tool_calls item causes cache_control to be silently dropped from content block,CADVP CC-2 config vs runtime cache control verification,False belief of caching; repeated tool calls incur full cost without awareness,Merge cache_control from content block with tool_calls matching,,https://github.com/langchain-ai/langchain/issues/38398,Confirmed,B,configuration,reported
CF-0075,SummarizationMiddleware preserves orphan ToolMessages → provider 400 on next call,Silent message loss,LangChain,L3,Orphan Message Preservation,SummarizationMiddleware._find_safe_cutoff_point on conversation with tool messages,Orphan ToolMessages (without matching HumanMessage) survive cutoff; next LLM call fails 400,_find_safe_cutoff_point preserves ToolMessages but not their paired HumanMessages,CADVP CC-4 content hash across summarization boundary,False belief of safe summarization; orphan messages silently corrupt next call,Remove orphan ToolMessages when paired HumanMessage is cut off,,https://github.com/langchain-ai/langchain/issues/38352,Confirmed,B,communication,reported
CF-0076,model_to_tools router returns 'model' but path_map omits it → KeyError silently aborts,Tool surface illusion,LangChain,L3,Router-Path Map Mismatch,create_agent with model_to_tools routing,Router selects 'model' path; path_map lookup fails KeyError; agent silently fails,model_to_tools router can return 'model' but path_map does not include 'model' key,CADVP CC-7 tool availability probe on routing table,False belief of complete routing; agent silently aborts when 'model' route selected,Add 'model' to path_map or prevent router from returning unmatched paths,,https://github.com/langchain-ai/langchain/issues/38351,Confirmed,B,communication,reported
CF-0077,DNS Rebinding bypass in SSRF protection; MCP tools bypass SSRF validation entirely,Credential scope bypass,CrewAI,L4,SSRF Protection Bypass via DNS,MCP tool call with DNS-rebinded hostname,DNS rebinding bypasses SSRF protection; internal endpoints accessible without alert,SSRF validation checks against initial DNS resolution; rebinding after check bypasses all protections,CADVP CC-6 credential scope boundary check with DNS rebinding simulation,False belief of network isolation; internal systems exposed via DNS TOCTOU,"Validate against resolved IP at connection time, not resolution time",,https://github.com/crewAIInc/crewAI/issues/6504,Confirmed,B,configuration,reported
CF-0078,before/after_kickoff_callbacks do not support async callables in akickoff → silently skipped,Hook not firing,CrewAI,L3,Async Callback Silent Skip,Async callable registered as kickoff callback in akickoff flow,Async callback never fires; crew proceeds without pre/post validation; no error,akickoff does not support async callables in callback chain; sync-only path skips async silently,CADVP CC-3 hook execution counter on async path,False belief of callback enforcement; pre/post validation silently skipped,Add async callable support to akickoff callback chain,,https://github.com/crewAIInc/crewAI/issues/6481,Confirmed,B,communication,reported
CF-0079,Sync BaseCodeExecutor.execute_code called directly on event loop → long executions freeze agent silently,Process lifecycle,Google ADK,L3,Sync Call on Event Loop,Long code execution invoked via LLM flow's _run_pre_processor,Agent silently freezes; no timeout error; event loop blocked indefinitely,BaseCodeExecutor.execute_code() is synchronous and called directly on the asyncio event loop without executor thread,CADVP CC-8 execution boundary verification with event loop health check,False belief of async safety; agent hangs without detection or recovery,Run execute_code in executor thread or add timeout + async wrapper,,https://github.com/google/adk-python/issues/6353,Confirmed,B,execution,reported
CF-0080,adk api_server --a2a silently mounts no A2A routes → UnboundLocalError swallowed by try/except,Config override,Google ADK,L4,Silent Configuration Failure via Exception Swallow,Running adk api_server --a2a with agent.json containing agent card,Server starts without any A2A routes; CLI flag accepted but silently does nothing; only one ERROR log,UnboundLocalError on 'json' in get_fast_api_app swallowed by try/except; A2A route setup fails silently,CADVP CC-2 config vs runtime route verification,False belief of A2A protocol availability; server runs without intended functionality,Fix variable shadowing; fail loudly when route setup fails,,https://github.com/google/adk-python/issues/6332,Confirmed,B,configuration,reported
CF-0081,McpToolset mTLS overrides header_provider's Authorization silently → ambient credentials injected,Credential scope bypass,Google ADK,L4,Authorization Header Silent Override,McpToolset with mTLS transport and caller-supplied Authorization header,Caller's Authorization replaced by ambient google.auth.default() token; no warning,Case-sensitive header presence check misses caller's header; mTLS path always injects ambient token,CADVP CC-6 credential scope boundary check on Authorization header,False belief of caller-controlled auth; wrong credentials silently injected,Case-insensitive header check; respect caller-supplied Authorization over ambient,,https://github.com/google/adk-python/issues/6349,Fixed,B,configuration,reported
CF-0082,ReasoningEffort setting lost when invoking orchestration → handoff drops model config,Config override,Semantic Kernel,L3,Model Config Silent Drop on Handoff,Agent with ReasoningEffort='high' handed off in orchestration,HTTP request missing reasoning_effort field; model runs with default reasoning level,Handoff orchestration does not propagate per-agent ReasoningEffort to downstream LLM calls,CADVP CC-2 config vs runtime diff on model parameters,False belief of high-reasoning execution; agent silently downgraded to default,Propagate all per-agent model settings through orchestration handoff,,https://github.com/microsoft/semantic-kernel/issues/13935,Confirmed,B,configuration,reported
CF-0083,AgentGroupChat fails with 'Unknown response format dict' when Azure Monitor enabled → monitoring silences agents,Env contamination,Semantic Kernel,L4,Monitoring-Induced Agent Failure,Azure Monitor (configure_azure_monitor) enabled with AzureAIAgent in AgentGroupChat,All agent executions fail with ValueError; multi-agent flow completely blocked,Azure Monitor injects dict-format response into agent pipeline; AgentGroupChat expects typed response,CADVP CC-1 guard execution counter with external instrumentation active,False belief of monitoring transparency; enabling observability silently breaks agent execution,Isolate monitoring pipeline from agent response format expectations,,https://github.com/microsoft/semantic-kernel/issues/13715,Fixed,B,execution,reported
CF-0084,ChatHistory broken when LLM calls multiple tools in one message → history unusable for subsequent requests,Silent message loss,Semantic Kernel,L3,Multi-Tool History Corruption,LLM (Claude Sonnet) calls multiple tools in single message via Bedrock connector,ChatHistory becomes unparseable; subsequent requests fail with toolResult ID mismatch,Agent builds history with multi-tool invocation in a format not consumable by subsequent requests,CADVP CC-4 end-to-end content hash on chat history,False belief of persistent conversation; history silently corrupted after multi-tool turns,Normalize multi-tool message format for replay compatibility,,https://github.com/microsoft/semantic-kernel/issues/13647,Confirmed,B,communication,reported
CF-0085,$defs not preserved in AIFunctionKernelFunction → MCP tool schema incomplete to LLM,Tool surface illusion,Semantic Kernel,L2,Schema Reference Erasure,MCP tool with $ref/$defs in function schema definition,LLM receives incomplete schema; references silently dropped; tool appears to have different interface,AIFunctionKernelFunction serializes schema without preserving definitions/$defs section,CADVP CC-7 tool availability probe with schema fidelity check,False belief of complete tool interface; LLM operates on corrupted schema,Preserve complete JSON Schema including $defs during function serialization,,https://github.com/microsoft/semantic-kernel/issues/13447,Fixed,B,communication,reported
CF-0086,"Async task LLM failure silently freezes flow → no exception, no log, process hangs",Hook not firing,CrewAI,L3,Async LLM Failure Silent Freeze,LLM call fails during async task execution in production crew,Process hangs indefinitely with no exception or log; full day debugging to locate,Async task LLM failure path swallows exception; no callback/retry/halt mechanism triggers,CADVP CC-3 hook execution counter on async failure path,False belief of fault-tolerant execution; production stuck without operator awareness,Add exception re-raise + logging to async LLM failure path; explicit timeout,,https://github.com/crewAIInc/crewAI/issues/6380,Confirmed,B,execution,reported
CF-0087,Agent execution loop crashes with TypeError when custom tool returns nested dict → no graceful fallback,Tool surface illusion,CrewAI,L3,Nested Return Type Crash,"Custom BaseTool returns deeply nested dict (e.g., REST API response)",Agent crashes with TypeError; no graceful string conversion; execution aborted,Execution loop expects flat/simple return types; nested dict triggers parsing failure without fallback,CADVP CC-7 tool availability probe with nested response simulation,False belief of arbitrary tool return support; nested responses silently crash agent,Add recursive string coercion for nested dicts in tool output parsing,,https://github.com/crewAIInc/crewAI/issues/6267,Confirmed,B,communication,reported
CF-0088,"@listen(or_(A,B,C)) multi-source OR listener only fires once → blocking cyclic flow re-triggering",Hook not firing,CrewAI,L3,Multi-Source Listener Fire-Once Bug,"OR listener (@listen(or_(A,B,C))) configured for multiple task completion events",Listener fires once then silently ignores subsequent trigger events; cyclic workflow stalls,Multi-source OR listener lacks re-trigger logic; fires once and transitions to 'completed' state,CADVP CC-3 hook execution counter on multi-source listener,False belief of multi-event listener; cyclic/callback workflows silently stop after first trigger,Reset listener state or support multi-fire mode for OR listeners,,https://github.com/crewAIInc/crewAI/issues/5972,Confirmed,B,communication,reported
CF-0089,Tool re-execution on task retry has no idempotency guard → duplicate payments/emails/trades possible,Process lifecycle,CrewAI,L4,Non-Idempotent Retry,Task retry after tool execution failure or timeout,Tool re-executed on retry without idempotency check; side effects duplicated silently,Retry mechanism replays tool call without tracking prior execution state or enforcing idempotency key,CADVP CC-8 execution boundary verification with idempotency check,"Double charges, duplicate emails, redundant trades; operator unaware of duplicate execution",Add idempotency key to tool calls; skip re-execution when prior result exists,,https://github.com/crewAIInc/crewAI/issues/5802,Confirmed,B,execution,reported
CF-0090,Reasoning plan always detects 'NOT READY' even when model indicates 'READY' → plan stuck in loop,Hook not firing,CrewAI,L3,Reasoning Plan False Negative,Model returns 'READY' status in reasoning plan output,System classifies output as 'NOT READY'; agent loops indefinitely on already-complete plan,READY detection logic fails to match model's actual READY signal format; mismatch silently loops,CADVP CC-3 hook execution counter on reasoning completion path,False belief of incomplete reasoning; agent stuck in infinite planning loop,Normalize READY detection to accept multiple output formats,,https://github.com/crewAIInc/crewAI/issues/6204,Confirmed,B,communication,reported
CF-0091,"cache_breakpoint injected into messages for non-Anthropic providers (Groq, OpenAI-compatible) → silent API errors",Env contamination,CrewAI,L2,Provider-Specific Config Leakage,"Non-Anthropic provider (Groq, OpenAI-compatible) used with cache_breakpoint",cache_breakpoint field sent to providers that don't support it; API errors or ignored silently,Anthropic-specific cache_breakpoint injected unconditionally; no provider capability check,CADVP CC-2 config vs runtime provider capability diff,False belief of cross-provider compatibility; Anthropic config silently leaks to other providers,Strip cache_breakpoint for non-Anthropic providers based on capability check,,https://github.com/crewAIInc/crewAI/issues/5886,Confirmed,B,configuration,reported
CF-0092,Task(human_input=True) raises AttributeError after default executor swap → silent human-in-the-loop break,Config override,CrewAI,L3,Executor Swap Breaks Human Input,Task configured with human_input=True after CrewAgentExecutor→AgentExecutor swap in v1.15.0,AttributeError crashes flow; human feedback mechanism silently broken by version upgrade,AgentExecutor lacks ask_for_human_input method that CrewAgentExecutor had; swap was not backward-compatible,CADVP CC-2 config vs runtime executor capability verification,False belief of HITL support; upgrade silently disables human feedback without warning,Migrate HITL method during executor swap or maintain backward compatibility,,https://github.com/crewAIInc/crewAI/issues/6065,Fixed,B,configuration,reported
CF-0093,Individual MCP tool failure aborts entire agent run → no error isolation between tools,Tool surface illusion,AutoGen,L3,Tool Failure Cascade,Single MCP tool fails during multi-tool agent run,Entire agent run aborted; other independent tools never execute; one failure cascades,No per-tool error isolation; single MCP tool exception propagates to agent-level abort,CADVP CC-7 tool availability probe with individual failure simulation,False belief of tool isolation; one broken tool gatekeeps entire agent workflow,"Isolate MCP tool errors: catch per-tool, report failure, continue with remaining tools",,https://github.com/microsoft/autogen/issues/7851,Confirmed,B,execution,reported
CF-0094,Bedrock connector rejects parallel tool calls → toolResult blocks not merged into single Converse message,Tool surface illusion,Semantic Kernel,L3,Parallel Tool Call Rejection,Model calls multiple tools in one turn via Bedrock connector (Claude Sonnet),Follow-up Converse request rejected; toolResult ID mismatch error,Function-calling loop does not merge multiple toolResult blocks into a single Converse message,CADVP CC-7 tool availability probe with parallel tool call simulation,False belief of parallel tool support; multi-tool calls silently fail on Bedrock,Merge toolResult blocks into single Converse message before follow-up,,https://github.com/microsoft/semantic-kernel/issues/14073,Confirmed,B,communication,reported
CF-0095,RedisJsonCollection.delete() silently fails when prefix_collection_name_to_key_names enabled,Process lifecycle,Semantic Kernel,L2,Silent Delete Failure via Key Prefix,delete() called with prefix_collection_name_to_key_names=True,Delete returns success but key remains; upsert path prefixed keys but delete path doesn't,_inner_delete sends JSON.DEL {key} without collection-name prefix; targets non-existent key silently,CADVP CC-8 state file integrity verification after delete,False belief of data deletion; stale keys persist in Redis without awareness,Apply collection-name prefix consistently across upsert and delete paths,,https://github.com/microsoft/semantic-kernel/issues/13904,Confirmed,B,execution,reported
CF-0096,Google AI connector leaks thinking/thought text parts into ChatMessageContent → reasoning exposed,Env contamination,Semantic Kernel,L2,Thinking Text Leakage to Application Layer,Gemini with thinking_config include_thoughts=true via Google AI connector,Model's internal reasoning appears as response content; application sees thought text instead of actual answer,Connector passes thinking text parts unfiltered into ChatMessageContent instead of isolating them,CADVP CC-1 guard execution counter on content filtering boundary,False belief of content isolation; internal reasoning exposed to downstream consumers,Separate thinking/thought blocks from response content in connector pipeline,,https://github.com/microsoft/semantic-kernel/issues/13710,Confirmed,B,configuration,reported
CF-0097,Auto Function Invocation lacks runtime RBAC → unauthorized execution via indirect prompt injection,Credential scope bypass,Semantic Kernel,L4,Missing Runtime Authorization Gate,@kernel_function decorated method invoked via Auto Function Invocation,Tool executes without authorization check; indirect prompt injection triggers unauthorized operations,No security attributes at @kernel_function metadata layer; no runtime mid-execution approval mechanism,CADVP CC-6 credential scope boundary check on function invocation,False belief of execution sandboxing; functions execute with full ambient permissions,Add RBAC metadata + runtime approval hook to kernel_function decorator,,https://github.com/microsoft/semantic-kernel/issues/14072,Confirmed,B,configuration,reported
CF-0098,ChatFireworks._combine_llm_outputs raises TypeError on nested token_usage dicts in batched generate(),Tool surface illusion,LangChain,L2,Nested Metadata Parsing Crash,Batched generate() with Fireworks models returning nested prompt_tokens_details,TypeError on token usage dict merge; batch generation silently fails,_combine_llm_outputs expects flat token_usage dict but Fireworks returns nested structure,CADVP CC-7 tool availability probe with batch generation,False belief of batch compatibility; nested metadata silently crashes processing,Recursively merge nested token_usage dicts in _combine_llm_outputs,,https://github.com/langchain-ai/langchain/issues/38648,Fixed,B,communication,reported
CF-0099,chroma similarity_search returns raw distances instead of normalized relevance scores,Tool surface illusion,LangChain,L2,Score Semantics Misrepresentation,similarity_search_by_vector_with_relevance_scores on Chroma vector store,Relevance scores are raw distances; higher=worse instead of higher=better; ranking inverted,Method returns unnormalized distance values from Chroma without converting to similarity scores,CADVP CC-7 tool availability probe with known-item search validation,False belief of correct ranking; search results in reverse order of relevance,Normalize distance to similarity (1-distance) or document that scores are distances,,https://github.com/langchain-ai/langchain/issues/38506,Confirmed,B,communication,reported
CF-0100,get_num_tokens_from_messages raises NotImplementedError for OpenAI o1 and o3 models → token counting silently broken,Tool surface illusion,LangChain,L2,Token Counter Model Gap,Token counting for o1/o3 model messages,"NotImplementedError raised; all token-aware logic (truncation, budget) silently fails",Token counting implementation doesn't cover o1/o3 model families; no fallback to generic counter,CADVP CC-7 tool availability probe with o1/o3 model token counting,False belief of token budget enforcement; truncation and cost tracking silently broken for o-series,Add o1/o3 token counting support or fallback to tiktoken generic encoding,,https://github.com/langchain-ai/langchain/issues/38700,Confirmed,C,configuration,reported
CF-0101,B,7066,https://github.com/langchain-ai/langgraph/issues/7066,State loss,LangGraph,Checkpoint deserialization silently loses state when JsonPlusSerializer encounters unknown types,Checkpoint Deserialization Silent Loss,JsonPlusSerializer encounters unknown custom types during checkpoint deserialization,Agent resumes with dict instead of typed object; downstream nodes produce incorrect results with no error,fallback returns raw dict instead of raising DeserializationError when type annotation fails to deserialize,CADVP CC-4 content hash verification on checkpoint round-trip,Silent state corruption in long-running stateful workflows; cascading failures before detection,Raise DeserializationError instead of returning raw dict; add type registry for custom types,Fixed,state,reported,,
CF-0102,B,8298,https://github.com/langchain-ai/langgraph/issues/8298,State loss,LangGraph,langgraph dev: checkpoints never flushed mid-session; data loss on non-graceful exit,Checkpoint Flush Loop Silent Drop,Non-graceful exit (SIGKILL/crash/power loss) of langgraph dev server,All thread state gone after crash; empty PersistentDicts silently dropped from flush loop; 500 errors on state/history,Flush loop classifies empty-but-alive PersistentDicts as dead weakrefs (falsy dict); unregisters checkpoint stores on first tick,CADVP CC-4 checkpoint persistence verification on non-graceful exit,Complete data loss since last graceful shutdown; all checkpoint durability guarantees broken,Fix falsy dict check in flush loop; always write checkpoints on tick regardless of emptiness,Open,state,reported,,
CF-0103,B,7417,https://github.com/langchain-ai/langgraph/issues/7417,Silent re-execution,LangGraph,Long tool calls (~180s+) silently re-executed from checkpoint on LangGraph Cloud,Heartbeat Checkpoint Silent Re-dispatch,Tool call exceeds ~180s on LangGraph Cloud; BG_JOB_HEARTBEAT=120 hardcoded,Duplicate runs with identical arguments appear; 2-3x redundant work and cost; no preceding model node in trace,Unacknowledged heartbeats during long tool calls trigger stale run detection; sweep re-dispatches from last checkpoint while original still runs,CADVP CC-8 execution boundary monitoring for duplicate tool invocations,2-3x cost multiplication; data corruption from concurrent writes; users cannot disable this behavior,Allow BG_JOB_HEARTBEAT customization; detect liveness during long awaits; skip re-dispatch if original still active,Open,execution,reported,,
CF-0104,B,5672,https://github.com/langchain-ai/langgraph/issues/5672,State loss,LangGraph,Run Cancellation Causes Loss of Streamed State Not Yet Persisted as a Checkpoint,Cancel-Induced State Loss,Canceling a streaming LangGraph run before checkpoint is persisted,Streamed state between last persisted checkpoint and cancel is silently lost; UI shows inconsistent state,No persistence on cancellation path; streamed intermediate states are never checkpointed during abort,CADVP CC-1 checkpoint write count on cancellation,Loss of unpersisted state; UI desynchronization; users must manually reconstruct lost state,Add checkpoint flush hook on cancellation; persist in-progress state before abort,Open,state,reported,,
CF-0105,C,7714,https://github.com/langchain-ai/langgraph/issues/7714,Silent correctness failure,LangGraph,LangGraph checkpoint serialization produces 85% storage bloat and silent pass failures with no opt-out,Serializer Silent Pass Corruption,Non-primitive types in checkpoint state; serialization passes silently but produces corrupted/incomplete data,85% storage bloat + 37.8% token overhead; 'silent pass' failures where serializer claims success but data is wrong,JsonPlusSerializer has no structural validation; corrupt agent payloads pass through to LLM unchecked,CADVP CC-4 content hash validation on serializer round-trip,Wasted storage/tokens; silent data corruption at the serializer boundary; no opt-out or alternative serializer,Add structural validation hook at serde boundary; expose pluggable serialization protocol,Open,state,reported,,
CF-0106,B,6439,https://github.com/crewAIInc/crewAI/issues/6439,Callback result corruption,CrewAI,CrewAI after_kickoff_callbacks silently replaces result with None if callback doesn't return,Callback Return Coercion,User writes side-effect callback (logging/metrics) without returning result,result becomes None silently; downstream code crashes with AttributeError on None,crew.py:1032-1033 assigns callback return value directly to result without checking if callback returned None vs intended value,CADVP CC-3 callback execution result validation,Silent result corruption; production crashes from unexpected None values in downstream processing,Check if callback returns None; preserve original result when callback is side-effect only,Open,execution,reported,,
CF-0107,B,496,https://github.com/crewAIInc/crewAI/issues/496,Callback not firing,CrewAI,CrewAI Task callbacks registered but silently never execute,Callback Silent No-Op,Register task callback function — callback never invoked during task execution,Callback function never called; no error raised; task completes as if callback was not registered,Task callback execution path had implementation gap in early CrewAI versions (fixed in 0.22.4),CADVP CC-3 hook execution count verification,"Silent loss of side effects (file writes, notifications, logging); user falsely believes callback is working",Fixed in CrewAI v0.22.4; upgrade to latest version,Fixed,communication,reported,,
CF-0108,B,7851,https://github.com/microsoft/autogen/issues/7851,Error propagation,AutoGen,AutoGen MCP tool errors propagate and abort entire agent run instead of being isolated,Tool Error Boundary Violation,Single MCP tool fails during multi-agent scenario; error propagates up as fatal exception,Entire agent run aborts from single tool failure; no ToolResult with is_error=True for agent reasoning,MCP tool integration has no error isolation; tool exceptions bypass ToolResult wrapper and propagate as unhandled errors,CADVP CC-7 tool availability probe with error injection,Entire agent run destroyed by single tool failure; no recovery path; defeats declarative tool registration,Wrap MCP tool calls in error isolation; return ToolResult with is_error=True instead of raising,Open,execution,reported,,
CF-0109,B,4309,https://github.com/google/adk-python/issues/4309,Error boundary leak,Google ADK,Google ADK: Failed A2A task errors silently leak into conversation history as regular content,Error Content Boundary Violation,Remote A2A task returns state:'failed'; RemoteA2aAgent creates Event with content instead of error_message,Failed task errors appear as regular conversation content; agent treats error text as valid input,RemoteA2aAgent creates Event with error details in content field instead of error_message; no error/content separation,CADVP CC-6 error boundary validation on A2A task failures,Agents reason about error text as factual content; cascading hallucination from error leakage,Create Event with error_message set instead of content when task state is 'failed',Fixed,communication,reported,,
CF-0110,B,6332,https://github.com/google/adk-python/issues/6332,Silent configuration failure,Google ADK,Google ADK: --a2a flag silently mounts no A2A routes due to shadowed json import,Flag Silent No-Op,Run adk api_server --a2a with agent.json present; server starts but has zero A2A routes,Server starts successfully but --a2a silently does nothing; 404 on all A2A endpoints; only one ERROR log line,Shadowed json import in get_fast_api_app(): function-local 'import json' makes Python treat json as local for entire function; json.load() raises UnboundLocalError swallowed by try/except,CADVP CC-2 runtime A2A route availability check after server start,Silent deployment failure; user believes A2A is active but no agents are reachable via A2A protocol,Remove duplicate 'import json' inside function; add route count assertion on startup,Open,configuration,reported,,
